Time,Mass,O2,CO,NO2,NO,SO2,WaterTemp2,WaterTemp3,WaterTemp4,GapTemp,InnerWall,HandleTemp,FireTemp,OutsideSurface
0.0,21.46,4.57,0.82,0.29,0.81,21.19,22.69,20.94,0.0,0.0,23.5,23.25,22.75,
4.201,21.36,3.96,0.58,0.27,0.57,21.31,22.56,21.13,0.0,0.0,23.75,23.5,23.0,
4.201,21.3,4.33,0.57,0.31,0.59,21.31,22.56,21.13,0.0,0.0,23.75,23.5,23.25,
4.203,21.43,4.2,0.59,0.27,0.6,21.31,22.56,21.13,0.0,0.0,23.75,23.5,22.75,
4.205,21.33,4.08,0.6,0.3,0.58,21.31,22.56,21.13,0.0,0.0,23.75,23.5,23.25,
4.205,21.4,4.08,0.59,0.3,0.59,21.31,22.56,21.13,0.0,0.0,23.75,23.5,23.25,
4.205,21.3,4.2,0.57,0.3,0.57,21.31,22.56,21.13,0.0,0.0,23.75,23.5,23.0,
4.207,21.33,4.2,0.57,0.3,0.55,21.31,22.69,21.13,0.0,0.0,23.75,23.5,23.0,
4.206,21.36,4.45,0.59,0.3,0.6,21.31,22.88,21.13,0.0,0.0,23.75,23.5,22.75,
4.207,21.33,4.2,0.57,0.29,0.6,21.31,23.13,21.13,0.0,0.0,23.75,23.5,22.75,
4.207,21.43,4.2,0.59,0.29,0.6,21.31,23.38,21.13,0.0,0.0,23.75,23.5,23.0,
4.257,21.36,4.2,0.6,0.32,0.58,21.31,23.69,21.13,0.0,0.0,23.75,23.5,23.0,
4.198,21.36,4.33,0.58,0.31,0.55,21.31,23.75,21.13,0.0,0.0,23.75,23.5,22.75,
4.198,21.36,4.33,0.58,0.33,0.58,21.31,23.81,21.13,0.0,0.0,23.75,23.5,22.75,
4.199,21.36,4.2,0.58,0.32,0.57,21.31,23.88,21.13,0.0,0.0,23.75,23.5,22.75,
4.198,21.36,4.33,0.59,0.32,0.6,21.31,23.88,21.13,0.0,0.0,23.75,23.5,22.75,
4.197,21.3,3.96,0.57,0.27,0.59,21.31,23.88,21.13,0.0,0.0,23.75,23.5,23.0,
4.197,21.36,4.2,0.58,0.31,0.62,21.31,23.94,21.13,0.0,0.0,23.75,23.5,22.75,
4.195,21.4,4.08,0.68,0.31,0.58,21.31,23.88,21.13,0.0,0.0,23.75,23.5,22.75,
4.193,21.3,4.45,0.59,0.3,0.57,21.31,23.94,21.13,0.0,0.0,23.75,23.5,22.75,
4.191,21.36,4.2,0.55,0.22,0.6,21.31,23.88,21.13,0.0,0.0,23.75,23.5,22.75,
4.187,21.27,4.2,0.6,0.29,0.62,21.31,23.88,21.13,0.0,0.0,23.75,23.5,22.75,
4.168,21.43,4.33,0.59,0.31,0.59,21.31,23.88,21.13,0.0,0.0,23.75,23.5,23.0,
4.155,21.36,4.2,0.59,0.27,0.57,21.31,23.88,21.13,0.0,0.0,23.75,23.5,22.75,
4.12,21.36,4.08,0.6,0.3,0.6,21.31,23.88,21.13,0.0,0.0,23.75,23.5,23.0,
1.134,21.33,4.2,0.59,0.31,0.6,21.31,23.88,21.13,0.0,0.0,23.75,23.5,22.75,
0.96,21.43,4.33,0.57,0.3,0.58,21.31,23.88,21.13,0.0,0.0,23.75,23.5,23.0,
1.149,21.27,4.33,0.59,0.27,0.57,21.31,23.88,21.13,0.0,0.0,23.75,23.5,22.75,
0.814,21.3,4.2,0.59,0.26,0.59,21.31,23.88,21.13,0.0,0.0,23.75,23.5,22.75,
-0.405,21.3,4.33,0.57,0.26,0.55,21.31,23.88,21.13,0.0,0.0,23.75,23.5,23.0,
-0.924,21.4,4.2,0.58,0.3,0.6,21.31,23.88,21.13,0.0,0.0,23.75,23.5,22.75,
-1.814,21.4,4.2,0.57,0.27,0.6,21.31,23.88,21.13,0.0,0.0,23.75,23.5,23.0,
-2.03,21.33,4.2,0.6,0.27,0.57,21.31,23.88,21.13,0.0,0.0,23.75,23.5,23.0,
-2.423,21.3,4.33,0.55,0.27,0.54,21.31,23.88,21.13,0.0,0.0,23.75,23.5,22.75,
-2.736,21.27,4.57,0.58,0.27,0.6,21.31,23.88,21.13,0.0,0.0,23.75,23.5,22.75,
-2.915,21.33,4.2,0.59,0.26,0.57,21.31,23.81,21.13,0.0,0.0,23.75,23.5,23.0,
-2.838,21.12,4.33,0.55,0.27,0.55,21.31,23.81,21.13,0.0,0.0,23.75,23.5,22.75,
-3.072,21.3,4.33,0.57,0.3,0.55,21.31,23.81,21.13,0.0,0.0,23.75,23.5,22.75,
-3.229,21.36,4.45,0.58,0.3,0.58,21.31,23.81,21.13,0.0,0.0,23.75,23.5,23.0,
-3.165,21.36,4.33,0.55,0.3,0.58,21.31,23.81,21.13,0.0,0.0,23.75,23.5,23.0,
-3.222,21.33,4.45,0.6,0.31,0.59,21.31,23.81,21.13,0.0,0.0,24.0,23.5,23.0,
-3.369,21.36,4.57,0.57,0.3,0.58,21.31,23.81,21.13,0.0,0.0,23.75,23.5,23.0,
-3.271,21.33,4.45,0.59,0.31,0.58,21.31,23.81,21.13,0.0,0.0,23.75,23.5,22.75,
-3.485,21.36,4.69,0.59,0.33,0.59,21.31,23.81,21.13,0.0,0.0,24.0,23.5,22.75,
-3.641,21.21,4.69,0.6,0.31,0.57,21.31,23.81,21.13,0.0,0.0,23.75,23.5,23.0,
-3.576,21.43,4.69,0.58,0.27,0.58,21.31,23.81,21.13,0.0,0.0,23.75,23.5,23.0,
-3.666,21.43,4.94,0.59,0.29,0.57,21.31,23.81,21.13,0.0,0.0,23.75,23.5,23.0,
-3.659,21.27,4.94,0.57,0.29,0.59,21.31,23.81,21.13,0.0,0.0,23.75,23.5,22.75,
-3.45,21.36,5.18,0.59,0.3,0.55,21.31,23.81,21.13,0.0,0.0,23.75,23.5,23.0,
-2.271,21.4,5.3,0.58,0.3,0.6,21.31,23.75,21.13,0.0,0.0,24.0,23.5,22.75,
1.168,21.36,5.43,0.58,0.29,0.6,21.31,23.75,21.13,0.0,0.0,23.75,23.5,23.0,
4.111,21.4,5.55,0.6,0.29,0.57,21.31,23.75,21.13,0.0,0.0,24.0,23.5,22.75,
4.176,21.36,5.55,0.55,0.26,0.59,21.31,23.75,21.13,0.0,0.0,23.75,23.5,23.0,
4.187,21.33,5.67,0.59,0.3,0.58,21.31,23.75,21.13,0.0,0.0,24.0,23.5,23.0,
4.191,21.36,5.67,0.55,0.27,0.59,21.31,23.75,21.13,0.0,0.0,24.0,23.5,23.0,
4.195,21.3,5.79,0.59,0.31,0.6,21.31,23.75,21.13,0.0,0.0,24.0,23.5,22.75,
4.197,21.3,5.79,0.57,0.31,0.59,21.31,23.75,21.13,0.0,0.0,24.0,23.5,22.75,
4.198,21.27,6.04,0.57,0.27,0.58,21.31,23.75,21.13,0.0,0.0,23.75,23.5,22.75,
4.199,21.36,6.16,0.59,0.26,0.59,21.31,23.75,21.13,0.0,0.0,24.0,23.5,23.0,
4.2,21.46,6.4,0.6,0.31,0.6,21.31,23.75,21.13,0.0,0.0,23.75,23.5,22.75,
4.2,21.3,6.65,0.58,0.31,0.59,21.31,23.75,21.13,0.0,0.0,23.75,23.5,23.0,
4.2,21.3,6.65,0.59,0.29,0.58,21.31,23.75,21.13,0.0,0.0,23.75,23.5,22.75,
4.2,21.27,6.77,0.57,0.29,0.57,21.31,23.75,21.13,0.0,0.0,23.75,23.5,22.75,
4.201,21.33,6.89,0.62,0.27,0.57,21.31,23.75,21.13,0.0,0.0,24.0,23.5,22.75,
4.201,21.4,7.01,0.58,0.31,0.57,21.31,23.75,21.13,0.0,0.0,24.0,23.5,22.75,
4.201,21.4,7.38,0.57,0.3,0.59,21.31,23.75,21.13,0.0,0.0,23.75,23.5,22.75,
4.201,21.43,7.38,0.59,0.29,0.6,21.31,23.75,21.13,0.0,0.0,24.0,23.5,23.0,
4.201,21.4,7.5,0.58,0.31,0.6,21.31,23.69,21.13,0.0,0.0,24.0,23.5,23.0,
4.201,21.4,7.62,0.62,0.31,0.57,21.31,23.69,21.13,0.0,0.0,24.0,23.5,23.0,
4.201,21.27,7.14,0.6,0.29,0.6,21.31,23.69,21.13,0.0,0.0,23.75,23.5,22.75,
4.201,21.36,7.5,0.6,0.29,0.58,21.31,23.75,21.13,0.0,0.0,24.0,23.5,22.75,
4.2,21.33,7.5,0.58,0.3,0.59,21.31,23.69,21.13,0.0,0.0,24.0,23.5,22.75,
4.201,21.4,7.62,0.58,0.3,0.6,21.31,23.69,21.13,0.0,0.0,23.75,23.5,22.75,
4.201,21.36,7.75,0.58,0.31,0.59,21.31,23.69,21.13,0.0,0.0,23.75,23.5,22.75,
4.201,21.46,7.75,0.57,0.32,0.6,21.31,23.69,21.13,0.0,0.0,23.75,23.5,22.75,
4.208,21.33,8.72,0.59,0.3,0.59,21.31,23.69,21.13,0.0,0.0,24.0,23.5,22.75,
4.208,21.3,7.87,0.59,0.27,0.57,21.31,23.69,21.13,0.0,0.0,23.75,23.5,22.75,
4.208,21.36,8.85,0.59,0.32,0.58,21.31,23.69,21.13,0.0,0.0,23.75,23.5,22.75,
4.201,21.3,8.11,0.55,0.29,0.57,21.31,23.69,21.13,0.0,0.0,23.75,23.5,22.75,
4.2,21.4,8.11,0.6,0.29,0.57,21.31,23.69,21.13,0.0,0.0,24.0,23.5,22.75,
4.201,21.43,8.24,0.57,0.29,0.59,21.31,23.69,21.13,0.0,0.0,24.0,23.5,22.75,
4.207,21.3,8.11,0.58,0.3,0.6,21.31,23.69,21.13,0.0,0.0,24.0,23.5,23.0,
4.207,21.24,8.24,0.57,0.29,0.6,21.31,23.69,21.13,0.0,0.0,24.0,23.5,22.75,
4.207,21.33,8.36,0.59,0.29,0.58,21.31,23.69,21.13,0.0,0.0,23.75,23.5,22.75,
4.243,21.46,8.36,0.55,0.31,0.6,21.31,23.69,21.13,0.0,0.0,24.0,23.5,22.75,
4.2,21.4,8.48,0.62,0.29,0.6,21.31,23.63,21.13,0.0,0.0,24.0,23.5,22.75,
4.2,21.3,8.48,0.59,0.27,0.6,21.31,23.69,21.13,0.0,0.0,24.0,23.5,22.75,
4.2,21.36,8.72,0.57,0.27,0.6,21.31,23.69,21.13,0.0,0.0,24.0,23.5,22.75,
4.201,21.36,8.72,0.58,0.27,0.59,21.31,23.69,21.13,0.0,0.0,24.0,23.5,22.75,
4.201,21.21,8.6,0.6,0.26,0.58,21.31,23.63,21.13,0.0,0.0,24.0,23.5,22.75,
4.2,21.27,8.85,0.57,0.31,0.59,21.31,23.63,21.13,0.0,0.0,24.0,23.5,22.75,
4.201,21.27,8.85,0.6,0.3,0.59,21.31,23.63,21.13,0.0,0.0,24.0,23.5,22.75,
4.201,21.36,8.6,0.6,0.29,0.63,21.31,23.63,21.13,0.0,0.0,24.0,23.5,22.75,
4.201,21.24,8.85,0.57,0.31,0.6,21.31,23.63,21.13,0.0,0.0,23.75,23.5,22.75,
4.211,21.36,9.09,0.58,0.27,0.58,21.31,23.63,21.13,0.0,0.0,24.0,23.5,22.75,
4.201,21.3,8.72,0.57,0.29,0.59,21.31,23.63,21.13,0.0,0.0,24.0,23.5,23.0,
4.209,21.76,8.97,0.58,0.3,0.6,21.31,23.63,21.13,0.0,0.0,24.0,23.5,23.0,
4.208,21.3,8.97,0.59,0.32,0.58,21.31,23.63,21.13,0.0,0.0,24.0,23.5,22.75,
4.208,21.43,8.97,0.59,0.3,0.6,21.31,23.63,21.13,0.0,0.0,24.0,23.5,22.75,
4.208,21.33,9.09,0.62,0.27,0.6,21.31,23.63,21.13,0.0,0.0,23.75,23.5,22.75,
4.208,21.33,8.85,0.62,0.29,0.58,21.31,23.63,21.13,0.0,0.0,24.0,23.5,22.75,
4.209,21.33,8.85,0.6,0.29,0.62,21.31,23.63,21.13,0.0,0.0,24.0,23.5,22.75,
4.208,21.33,9.09,0.58,0.31,0.6,21.31,23.63,21.13,0.0,0.0,24.0,23.5,22.75,
4.208,21.24,9.21,0.59,0.27,0.59,21.31,23.63,21.13,0.0,0.0,24.0,23.5,22.75,
4.208,21.4,9.09,0.57,0.29,0.62,21.31,23.63,21.13,0.0,0.0,24.0,23.5,22.75,
4.208,21.24,9.09,0.6,0.31,0.58,21.31,23.63,21.13,0.0,0.0,24.0,23.5,22.75,
4.208,21.33,9.34,0.59,0.31,0.58,21.31,23.63,21.13,0.0,0.0,24.0,23.5,22.75,
4.208,21.33,9.09,0.57,0.29,0.58,21.31,23.63,21.13,0.0,0.0,24.0,23.5,22.75,
4.208,21.36,10.56,0.59,0.29,0.62,21.31,23.63,21.13,0.0,0.0,23.75,23.5,22.75,
4.208,21.36,9.34,0.6,0.27,0.62,21.31,23.63,21.13,0.0,0.0,23.75,23.5,22.75,
4.208,21.18,9.58,0.58,0.29,0.59,21.31,23.56,21.13,0.0,0.0,23.75,23.5,22.75,
4.208,21.24,9.58,0.58,0.27,0.6,21.31,23.56,21.13,0.0,0.0,24.0,23.5,22.75,
4.208,21.4,9.82,0.62,0.29,0.59,21.31,23.56,21.13,0.0,0.0,24.0,23.5,22.75,
4.209,21.27,9.58,0.63,0.31,0.62,21.31,23.56,21.13,0.0,0.0,24.0,23.5,22.75,
4.209,21.3,9.95,0.58,0.31,0.6,21.31,23.56,21.19,0.0,0.0,24.0,23.5,22.75,
4.208,21.24,9.7,0.59,0.29,0.6,21.31,23.56,21.13,0.0,0.0,24.0,23.5,22.75,
4.208,21.33,10.07,0.58,0.3,0.6,21.31,23.56,21.19,0.0,0.0,24.0,23.5,22.75,
4.208,21.24,10.07,0.59,0.3,0.55,21.38,23.56,21.19,0.0,0.0,24.0,23.5,22.75,
4.208,21.09,10.19,0.6,0.31,0.58,21.31,23.56,21.19,0.0,0.0,24.0,23.5,22.75,
4.209,21.33,10.31,0.58,0.27,0.59,21.38,23.56,21.19,0.0,0.0,24.0,23.5,22.75,
4.209,21.27,10.19,0.51,0.3,0.62,21.38,23.56,21.19,0.0,0.0,24.0,23.5,22.75,
4.208,21.24,10.31,0.6,0.29,0.62,21.31,23.56,21.19,0.0,0.0,24.0,23.5,22.75,
4.209,21.33,10.68,0.59,0.26,0.62,21.38,23.56,21.19,0.0,0.0,24.0,23.5,23.0,
4.208,21.36,10.68,0.62,0.3,0.6,21.38,23.5,21.19,0.0,0.0,24.0,23.5,22.75,
4.208,21.27,11.17,0.58,0.32,0.59,21.38,23.5,21.19,0.0,0.0,24.0,23.5,22.75,
4.209,21.27,11.05,0.58,0.3,0.59,21.38,23.56,21.19,0.0,0.0,24.0,23.5,22.75,
4.209,21.46,11.41,0.59,0.27,0.58,21.31,23.56,21.19,0.0,0.0,24.0,23.5,22.75,
4.208,21.24,11.05,0.55,0.27,0.6,21.38,23.5,21.19,0.0,0.0,24.0,23.5,22.75,
4.208,21.36,11.41,0.58,0.27,0.58,21.38,23.5,21.19,0.0,0.0,24.0,23.5,22.75,
4.208,21.36,11.41,0.58,0.31,0.59,21.38,23.5,21.19,0.0,0.0,24.0,23.5,22.75,
4.208,21.27,11.53,0.6,0.26,0.59,21.38,23.5,21.19,0.0,0.0,24.0,23.5,22.75,
4.208,21.36,11.9,0.6,0.3,0.59,21.38,23.5,21.19,0.0,0.0,23.75,23.5,22.75,
4.209,21.36,12.15,0.58,0.32,0.58,21.38,23.5,21.19,0.0,0.0,23.75,23.5,22.75,
4.209,21.33,12.39,0.62,0.31,0.58,21.38,23.5,21.19,0.0,0.0,23.75,23.5,22.75,
4.208,21.21,12.27,0.6,0.29,0.58,21.38,23.5,21.19,0.0,0.0,24.0,23.5,22.75,
4.209,21.3,12.51,0.6,0.31,0.6,21.38,23.5,21.19,0.0,0.0,24.0,23.5,23.0,
4.208,21.33,12.63,0.59,0.3,0.55,21.38,23.5,21.19,0.0,0.0,24.0,23.5,22.75,
4.208,21.43,12.63,0.6,0.27,0.6,21.38,23.5,21.19,0.0,0.0,24.0,23.5,23.0,
4.208,21.27,12.51,0.53,0.27,0.57,21.38,23.5,21.19,0.0,0.0,23.75,23.5,22.75,
4.208,21.27,12.76,0.58,0.29,0.59,21.38,23.5,21.19,0.0,0.0,23.75,23.5,22.75,
4.209,21.24,13.0,0.59,0.26,0.6,21.38,23.5,21.19,0.0,0.0,24.0,23.5,22.75,
4.209,21.27,13.0,0.57,0.3,0.58,21.38,23.44,21.19,0.0,0.0,24.0,23.5,22.75,
4.208,21.3,13.12,0.57,0.31,0.62,21.38,23.44,21.19,0.0,0.0,23.75,23.5,22.75,
4.209,21.36,12.88,0.6,0.31,0.62,21.38,23.44,21.19,0.0,0.0,23.75,23.5,22.75,
4.209,21.33,13.37,0.6,0.31,0.58,21.38,23.44,21.19,0.0,0.0,24.0,23.5,22.75,
4.209,21.33,13.49,0.58,0.29,0.57,21.38,23.44,21.19,0.0,0.0,24.0,23.5,22.75,
4.208,21.27,13.37,0.6,0.32,0.59,21.38,23.44,21.19,0.0,0.0,24.0,23.5,22.75,
4.209,21.33,13.98,0.57,0.36,0.6,21.38,23.44,21.19,0.0,0.0,24.0,23.5,22.75,
4.209,21.33,13.98,0.57,0.3,0.6,21.38,23.44,21.19,0.0,0.0,23.75,23.5,22.75,
4.208,21.3,13.98,0.59,0.31,0.58,21.38,23.44,21.19,0.0,0.0,24.0,23.5,22.75,
4.208,21.4,14.1,0.57,0.32,0.58,21.38,23.44,21.19,0.0,0.0,24.0,23.5,22.75,
4.208,21.33,13.73,0.59,0.29,0.59,21.38,23.44,21.19,0.0,0.0,24.0,23.5,22.75,
4.208,21.33,14.1,0.59,0.3,0.58,21.38,23.44,21.19,0.0,0.0,24.0,23.5,22.75,
4.208,21.27,14.1,0.57,0.3,0.58,21.38,23.44,21.19,0.0,0.0,24.0,23.5,22.75,
4.208,21.27,14.1,0.57,0.33,0.59,21.38,23.44,21.19,0.0,0.0,24.0,23.5,22.75,
4.209,21.3,14.59,0.57,0.31,0.63,21.38,23.38,21.19,0.0,0.0,24.0,23.5,22.75,
4.208,21.21,14.59,0.59,0.32,0.59,21.38,23.38,21.19,0.0,0.0,24.0,23.5,22.75,
4.208,21.4,14.71,0.59,0.29,0.55,21.38,23.38,21.19,0.0,0.0,24.0,23.5,22.75,
4.208,21.43,14.59,0.59,0.29,0.57,21.38,23.38,21.19,0.0,0.0,23.75,23.5,22.75,
4.208,21.24,14.96,0.59,0.3,0.59,21.38,23.38,21.19,0.0,0.0,23.75,23.5,22.75,
4.209,21.3,14.59,0.58,0.26,0.57,21.38,23.38,21.19,0.0,0.0,23.75,23.5,22.75,
4.209,21.27,14.71,0.57,0.31,0.55,21.38,23.38,21.19,0.0,0.0,24.0,23.5,22.75,
4.208,21.36,15.08,0.6,0.3,0.62,21.38,23.38,21.19,0.0,0.0,24.0,23.5,22.75,
4.208,21.3,15.08,0.59,0.32,0.59,21.38,23.38,21.19,0.0,0.0,24.0,23.5,22.75,
4.208,21.3,15.32,0.6,0.3,0.59,21.38,23.38,21.19,0.0,0.0,24.0,23.5,22.75,
4.208,21.27,15.32,0.6,0.33,0.58,21.38,23.38,21.19,0.0,0.0,23.75,23.5,22.75,
4.208,21.3,15.93,0.58,0.35,0.58,21.38,23.38,21.19,0.0,0.0,23.75,23.5,23.0,
4.208,21.21,15.69,0.58,0.32,0.57,21.38,23.38,21.19,0.0,0.0,23.75,23.5,22.75,
4.208,21.33,16.06,0.55,0.33,0.55,21.38,23.38,21.19,0.0,0.0,23.75,23.5,22.75,
4.208,21.36,16.06,0.57,0.32,0.57,21.38,23.38,21.19,0.0,0.0,23.75,23.5,22.75,
4.209,21.3,15.93,0.59,0.33,0.59,21.38,23.38,21.19,0.0,0.0,23.75,23.5,22.75,
4.208,21.21,16.18,0.54,0.27,0.55,21.38,23.31,21.19,0.0,0.0,23.75,23.5,22.75,
4.209,21.36,16.42,0.58,0.33,0.6,21.38,23.38,21.19,0.0,0.0,23.75,23.5,23.0,
4.208,21.27,16.67,0.54,0.33,0.58,21.38,23.38,21.19,0.0,0.0,23.75,23.5,23.0,
4.209,21.36,16.3,0.6,0.27,0.6,21.38,23.38,21.19,0.0,0.0,23.75,23.5,23.0,
4.208,21.3,16.79,0.57,0.29,0.58,21.38,23.38,21.19,0.0,0.0,23.75,23.5,22.75,
4.209,21.36,16.91,0.59,0.35,0.52,21.38,23.31,21.19,0.0,0.0,23.75,23.5,23.0,
4.208,21.33,17.16,0.55,0.29,0.58,21.38,23.38,21.19,0.0,0.0,23.75,23.5,23.0,
4.208,21.4,17.52,0.57,0.3,0.57,21.38,23.38,21.19,0.0,0.0,23.75,23.5,22.75,
4.208,21.3,17.64,0.57,0.31,0.57,21.38,23.31,21.19,0.0,0.0,23.75,23.5,22.75,
4.209,21.36,17.52,0.55,0.3,0.58,21.38,23.38,21.19,0.0,0.0,23.75,23.5,22.75,
4.209,21.3,18.38,0.55,0.29,0.62,21.38,23.31,21.19,0.0,0.0,23.75,23.5,22.75,
4.205,21.36,50.51,0.65,0.37,0.65,25.88,22.19,21.25,0.0,0.0,24.0,23.75,23.0,
4.205,21.3,50.88,0.65,0.37,0.63,25.94,22.19,21.25,0.0,0.0,24.25,23.75,23.0,
4.206,21.24,51.0,0.62,0.37,0.6,26.13,22.13,21.25,0.0,0.0,24.25,23.75,23.0,
4.206,21.4,51.25,0.63,0.4,0.62,26.19,22.19,21.25,0.0,0.0,24.25,23.75,23.0,
4.207,21.4,51.12,0.65,0.38,0.63,26.25,22.13,21.25,0.0,0.0,24.25,23.75,23.0,
4.206,21.3,51.74,0.65,0.36,0.63,26.38,22.13,21.25,0.0,0.0,24.25,23.75,23.0,
4.206,21.3,51.86,0.64,0.38,0.65,26.38,22.13,21.25,0.0,0.0,24.25,23.75,23.0,
4.207,21.3,51.86,0.63,0.36,0.6,26.44,22.13,21.25,0.0,0.0,24.25,23.75,23.0,
4.206,21.43,51.98,0.66,0.37,0.63,26.5,22.13,21.25,0.0,0.0,24.25,23.75,23.25,
4.207,21.33,52.59,0.63,0.37,0.66,26.63,22.13,21.25,0.0,0.0,24.25,23.75,23.0,
4.205,21.27,52.59,0.65,0.33,0.65,26.69,22.13,21.25,0.0,0.0,24.25,23.5,23.0,
4.205,21.3,52.71,0.62,0.4,0.62,26.69,22.13,21.25,0.0,0.0,24.25,23.75,23.0,
4.205,21.4,52.96,0.62,0.36,0.62,26.69,22.13,21.25,0.0,0.0,24.25,23.75,23.25,
4.205,21.24,53.2,0.64,0.44,0.64,26.63,22.13,21.25,0.0,0.0,24.25,23.75,23.0,
4.204,21.4,53.45,0.65,0.35,0.62,26.63,22.13,21.25,0.0,0.0,24.25,23.75,23.0,
4.204,21.33,53.69,0.62,0.4,0.63,26.63,22.13,21.25,0.0,0.0,24.25,23.75,23.0,
4.204,21.33,53.69,0.59,0.36,0.64,26.63,22.06,21.25,0.0,0.0,24.25,23.75,23.0,
4.205,21.33,53.81,0.62,0.36,0.62,26.63,22.06,21.25,0.0,0.0,24.25,23.75,23.0,
4.205,21.24,54.3,0.62,0.37,0.65,26.63,22.06,21.25,0.0,0.0,24.25,23.75,23.0,
4.205,21.21,54.42,0.65,0.38,0.6,26.63,22.06,21.25,0.0,0.0,24.25,23.75,23.0,
4.205,21.21,54.42,0.65,0.38,0.6,26.63,22.06,21.25,0.0,0.0,24.25,23.75,23.0,
4.205,21.27,54.42,0.64,0.36,0.62,26.63,22.06,21.25,0.0,0.0,24.25,23.75,23.0,
4.204,21.27,54.67,0.65,0.35,0.63,26.56,22.06,21.25,0.0,0.0,24.25,23.75,23.0,
4.205,21.21,54.42,0.62,0.35,0.6,26.56,22.06,21.25,0.0,0.0,24.25,23.75,23.25,
4.205,21.27,54.55,0.62,0.36,0.6,26.56,22.06,21.25,0.0,0.0,24.25,23.75,23.25,
4.205,21.36,54.55,0.6,0.35,0.6,26.56,22.06,21.25,0.0,0.0,24.25,23.75,23.25,
4.205,21.3,54.67,0.64,0.36,0.64,26.56,22.0,21.25,0.0,0.0,24.25,23.75,23.0,
4.205,21.4,54.67,0.64,0.37,0.63,26.5,22.0,21.25,0.0,0.0,24.25,23.75,23.25,
4.205,21.33,54.67,0.62,0.4,0.6,26.5,22.0,21.19,0.0,0.0,24.25,23.75,23.0,
4.205,21.36,54.79,0.62,0.35,0.62,26.5,22.0,21.25,0.0,0.0,24.25,23.75,23.25,
4.204,21.24,54.67,0.63,0.33,0.63,26.5,22.0,21.25,0.0,0.0,24.25,23.75,23.25,
4.205,21.3,54.79,0.58,0.33,0.6,26.5,22.0,21.25,0.0,0.0,24.25,23.75,23.0,
4.229,21.3,54.79,0.63,0.37,0.64,26.5,22.0,21.25,0.0,0.0,24.25,23.75,23.25,
3.284,21.3,54.79,0.6,0.36,0.64,26.5,22.0,21.25,0.0,0.0,24.25,23.75,23.25,
4.131,21.21,54.67,0.63,0.35,0.62,26.44,22.0,21.25,0.0,0.0,24.25,23.75,23.0,
4.229,21.3,54.55,0.63,0.37,0.65,26.44,22.0,21.25,0.0,0.0,24.25,23.75,23.0,
4.223,21.33,54.42,0.63,0.38,0.63,26.44,22.0,21.25,0.0,0.0,24.25,23.75,23.0,
4.206,21.3,54.18,0.6,0.3,0.63,26.44,22.0,21.19,0.0,0.0,24.25,23.75,23.25,
4.206,21.43,54.06,0.62,0.35,0.6,26.44,22.0,21.25,0.0,0.0,24.25,23.75,23.0,
4.465,21.49,53.81,0.6,0.35,0.62,26.44,22.0,21.25,0.0,0.0,24.25,23.75,23.0,
4.54,21.36,53.45,0.63,0.37,0.65,26.38,22.0,21.19,0.0,0.0,24.25,23.75,23.25,
4.54,21.36,53.45,0.63,0.37,0.65,26.38,22.0,21.19,0.0,0.0,24.25,23.75,23.25,
4.206,21.4,53.69,0.63,0.37,0.62,26.38,22.0,21.25,0.0,0.0,24.25,23.75,23.0,
4.206,21.3,53.08,0.62,0.36,0.62,26.38,22.0,21.25,0.0,0.0,24.25,23.75,23.0,
4.206,21.4,52.83,0.62,0.33,0.62,26.38,22.0,21.25,0.0,0.0,24.25,23.75,23.25,
4.206,21.3,52.83,0.63,0.36,0.65,26.38,21.94,21.25,0.0,0.0,24.25,23.75,23.0,
4.206,21.27,52.22,0.62,0.36,0.63,26.38,21.94,21.25,0.0,0.0,24.25,23.75,23.0,
4.199,21.33,52.47,0.62,0.36,0.64,26.38,21.94,21.25,0.0,0.0,24.25,23.75,23.0,
4.2,21.3,52.22,0.64,0.33,0.64,26.31,21.94,21.19,0.0,0.0,24.25,23.75,23.25,
4.199,21.36,51.98,0.69,0.36,0.64,26.31,21.94,21.19,0.0,0.0,24.25,23.75,23.0,
4.2,21.4,51.98,0.65,0.37,0.66,26.31,21.94,21.19,0.0,0.0,24.25,23.75,23.0,
4.2,21.36,52.1,0.63,0.36,0.62,26.31,21.94,21.19,0.0,0.0,24.25,23.75,23.0,
4.2,21.3,51.98,0.65,0.35,0.66,26.31,21.94,21.19,0.0,0.0,24.25,23.75,23.0,
4.2,21.24,51.86,0.62,0.37,0.64,26.31,21.94,21.19,0.0,0.0,24.25,23.75,23.0,
4.199,21.21,51.61,0.69,0.35,0.63,26.31,21.94,21.19,0.0,0.0,24.25,23.75,23.0,
4.199,21.4,51.61,0.65,0.33,0.64,26.31,21.94,21.19,0.0,0.0,24.25,23.5,23.0,
4.199,21.36,51.74,0.64,0.36,0.64,26.25,21.94,21.19,0.0,0.0,24.25,23.75,23.0,
4.199,21.24,51.74,0.63,0.36,0.63,26.25,21.94,21.19,0.0,0.0,24.25,23.5,23.25,
4.199,21.18,51.74,0.64,0.35,0.65,26.25,21.94,21.19,0.0,0.0,24.25,23.75,23.0,
4.199,21.36,51.61,0.62,0.36,0.62,26.25,21.88,21.19,0.0,0.0,24.25,23.75,23.0,
4.199,21.33,51.37,0.62,0.33,0.64,26.25,21.88,21.19,0.0,0.0,24.25,23.75,23.0,
4.199,21.33,51.37,0.62,0.33,0.64,26.25,21.88,21.19,0.0,0.0,24.25,23.75,23.0,
4.199,21.36,51.49,0.64,0.32,0.63,26.25,21.88,21.19,0.0,0.0,24.25,23.75,23.0,
4.199,21.33,51.25,0.64,0.32,0.64,26.25,21.88,21.19,0.0,0.0,24.25,23.75,23.0,
4.199,21.27,51.37,0.62,0.38,0.64,26.25,21.88,21.19,0.0,0.0,24.25,23.75,23.25,
4.199,21.21,51.25,0.62,0.33,0.63,26.19,21.88,21.19,0.0,0.0,24.25,23.75,23.0,
4.2,21.4,51.25,0.64,0.33,0.65,26.25,21.88,21.19,0.0,0.0,24.25,23.75,23.0,
4.2,21.27,51.37,0.64,0.32,0.64,26.19,21.88,21.19,0.0,0.0,24.25,23.75,23.0,
4.199,21.33,51.49,0.62,0.36,0.64,26.25,21.88,21.19,0.0,0.0,24.25,23.75,23.0,
4.199,21.43,51.25,0.62,0.31,0.64,26.19,21.88,21.19,0.0,0.0,24.25,23.75,23.25,
4.2,21.33,51.25,0.63,0.36,0.63,26.19,21.88,21.19,0.0,0.0,24.25,23.75,23.0,
4.2,21.36,51.25,0.63,0.36,0.64,26.19,21.88,21.19,0.0,0.0,24.25,23.75,23.0,
4.199,21.3,51.12,0.63,0.32,0.64,26.19,21.88,21.19,0.0,0.0,24.25,23.75,23.25,
4.2,21.4,51.37,0.58,0.32,0.63,26.19,21.81,21.19,0.0,0.0,24.25,23.75,23.0,
4.2,21.36,51.37,0.62,0.35,0.62,26.19,21.88,21.19,0.0,0.0,24.25,23.75,23.0,
4.2,21.27,51.49,0.64,0.25,0.63,26.25,21.81,21.19,0.0,0.0,24.25,23.75,23.0,
4.199,21.24,51.61,0.69,0.32,0.63,26.25,21.81,21.19,0.0,0.0,24.25,23.75,23.0,
4.199,21.27,51.37,0.64,0.37,0.65,26.19,21.81,21.19,0.0,0.0,24.25,23.75,23.0,
4.199,21.33,51.49,0.6,0.35,0.6,26.25,21.81,21.19,0.0,0.0,24.25,23.75,23.0,
4.199,21.33,51.86,0.64,0.33,0.63,26.25,21.81,21.19,0.0,0.0,24.25,23.75,23.0,
4.2,21.43,51.86,0.63,0.32,0.62,26.19,21.81,21.19,0.0,0.0,24.25,23.75,23.0,
4.2,21.3,51.98,0.66,0.33,0.65,26.25,21.81,21.19,0.0,0.0,24.25,23.5,23.0,
4.2,21.3,52.22,0.63,0.36,0.6,26.25,21.81,21.19,0.0,0.0,24.25,23.75,23.0,
4.199,21.36,52.35,0.63,0.35,0.65,26.19,21.81,21.19,0.0,0.0,24.25,23.75,23.0,
4.199,21.24,52.22,0.65,0.33,0.63,26.19,21.81,21.19,0.0,0.0,24.25,23.75,23.0,
4.199,21.24,52.59,0.63,0.37,0.63,26.19,21.81,21.19,0.0,0.0,24.25,23.75,23.25,
4.199,21.33,52.71,0.62,0.32,0.6,26.25,21.81,21.19,0.0,0.0,24.25,23.75,23.0,
4.2,21.33,52.71,0.63,0.36,0.65,26.19,21.81,21.19,0.0,0.0,24.25,23.75,23.0,
4.199,21.46,53.08,0.63,0.31,0.64,26.19,21.81,21.19,0.0,0.0,24.25,23.75,23.25,
4.199,21.27,53.2,0.6,0.37,0.64,26.25,21.81,21.19,0.0,0.0,24.25,23.75,23.25,
4.199,21.33,53.69,0.63,0.35,0.6,26.19,21.81,21.19,0.0,0.0,24.0,23.75,23.0,
4.199,21.27,53.45,0.65,0.51,0.63,26.19,21.81,21.19,0.0,0.0,24.0,23.75,23.0,
4.199,21.27,53.45,0.63,0.36,0.65,26.25,21.81,21.19,0.0,0.0,24.0,23.75,23.0,
4.199,21.3,53.93,0.63,0.32,0.62,26.25,21.75,21.19,0.0,0.0,24.0,23.75,23.0,
4.199,21.27,53.81,0.64,0.33,0.63,26.25,21.75,21.19,0.0,0.0,24.0,23.5,23.0,
4.199,21.24,53.93,0.65,0.36,0.64,26.25,21.75,21.19,0.0,0.0,24.0,23.75,23.0,
4.199,21.15,53.93,0.62,0.35,0.63,26.25,21.81,21.19,0.0,0.0,24.0,23.75,23.0,
4.199,21.33,54.18,0.6,0.33,0.62,26.25,21.75,21.19,0.0,0.0,24.25,23.75,23.0,
4.199,21.27,54.42,0.6,0.35,0.62,26.25,21.75,21.19,0.0,0.0,24.0,23.75,23.0,
4.199,21.24,54.67,0.65,0.35,0.64,26.19,21.75,21.19,0.0,0.0,24.25,23.75,23.0,
4.199,21.27,54.67,0.64,0.36,0.59,26.25,21.81,21.19,0.0,0.0,24.0,23.75,23.0,
4.199,21.3,55.16,0.62,0.37,0.75,26.25,21.75,21.19,0.0,0.0,24.25,23.75,23.0,
4.199,21.27,53.81,0.64,0.33,0.63,26.25,21.75,21.19,0.0,0.0,24.0,23.5,23.0,
4.199,21.24,53.93,0.65,0.36,0.64,26.25,21.75,21.19,0.0,0.0,24.0,23.75,23.0,
4.199,21.15,53.93,0.62,0.35,0.63,26.25,21.81,21.19,0.0,0.0,24.0,23.75,23.0,
4.199,21.33,54.18,0.6,0.33,0.62,26.25,21.75,21.19,0.0,0.0,24.25,23.75,23.0,
4.199,21.27,54.42,0.6,0.35,0.62,26.25,21.75,21.19,0.0,0.0,24.0,23.75,23.0,
4.199,21.24,54.67,0.65,0.35,0.64,26.19,21.75,21.19,0.0,0.0,24.25,23.75,23.0,
4.199,21.27,54.67,0.64,0.36,0.59,26.25,21.81,21.19,0.0,0.0,24.0,23.75,23.0,
4.199,21.3,55.16,0.62,0.37,0.75,26.25,21.75,21.19,0.0,0.0,24.25,23.75,23.0,
4.199,21.27,55.03,0.63,0.37,0.63,26.25,21.81,21.19,0.0,0.0,24.0,23.75,23.0,
4.199,21.33,55.28,0.62,0.33,0.63,26.25,21.81,21.19,0.0,0.0,24.25,23.5,23.0,
4.199,21.33,55.4,0.66,0.36,0.64,26.25,21.75,21.19,0.0,0.0,24.0,23.75,23.0,
4.199,21.24,55.77,0.6,0.37,0.6,26.25,21.75,21.19,0.0,0.0,24.0,23.75,23.0,
4.199,21.36,55.28,0.63,0.32,0.64,26.25,21.75,21.19,0.0,0.0,24.0,23.75,23.0,
4.199,21.3,56.13,0.63,0.35,0.63,26.25,21.81,21.19,0.0,0.0,24.0,23.75,23.0,
4.2,21.27,56.5,0.63,0.33,0.63,26.25,21.75,21.19,0.0,0.0,24.0,23.75,23.0,
4.199,21.36,56.74,0.65,0.33,0.6,26.38,21.75,21.25,0.0,0.0,24.25,23.5,23.0,
4.199,21.27,56.62,0.62,0.36,0.63,26.5,21.75,21.19,0.0,0.0,24.0,23.75,23.25,
4.199,21.36,56.99,0.64,0.32,0.63,26.63,21.81,21.25,0.0,0.0,24.25,23.75,23.0,
4.199,21.3,57.72,0.63,0.32,0.62,26.88,21.81,21.19,0.0,0.0,24.25,23.75,23.0,
4.199,21.21,57.6,0.6,0.33,0.62,26.94,21.81,21.25,0.0,0.0,24.25,23.75,23.25,
4.199,21.3,57.48,0.6,0.33,0.62,27.0,21.75,21.25,0.0,0.0,24.25,23.75,23.0,
4.199,21.27,58.09,0.63,0.36,0.63,27.06,21.81,21.25,0.0,0.0,24.25,23.75,23.0,
4.199,21.27,57.97,0.6,0.35,0.6,27.06,21.75,21.25,0.0,0.0,24.0,23.75,23.25,
4.199,21.36,58.21,0.62,0.37,0.63,27.06,21.75,21.25,0.0,0.0,24.25,23.75,23.0,
4.199,21.4,58.46,0.63,0.32,0.62,27.06,21.75,21.25,0.0,0.0,24.25,23.75,23.0,
4.294,21.33,58.46,0.62,0.33,0.59,27.06,21.75,21.25,0.0,0.0,24.25,23.75,23.0,
4.298,21.3,58.7,0.64,0.32,0.64,27.06,21.75,21.25,0.0,0.0,24.0,23.75,23.0,
4.273,21.27,58.58,0.62,0.32,0.63,27.06,21.75,21.25,0.0,0.0,24.25,23.75,23.25,
4.273,21.27,58.82,0.63,0.37,0.64,27.06,21.75,21.25,0.0,0.0,24.25,23.75,23.0,
4.273,21.3,58.82,0.66,0.35,0.65,27.06,21.75,21.25,0.0,0.0,24.0,23.75,23.0,
4.273,21.36,58.21,0.6,0.36,0.64,27.0,21.75,21.25,0.0,0.0,24.25,23.75,23.0,
4.273,21.3,58.82,0.6,0.37,0.63,27.0,21.81,21.25,0.0,0.0,24.25,23.75,23.0,
4.273,21.27,59.07,0.6,0.29,0.59,27.0,21.75,21.25,0.0,0.0,24.25,23.75,23.0,
4.274,21.36,59.31,0.62,0.36,0.6,27.0,21.75,21.25,0.0,0.0,24.0,23.75,23.0,
4.274,21.36,59.56,0.62,0.38,0.63,27.0,21.75,21.25,0.0,0.0,24.0,23.75,23.0,
4.274,21.18,59.68,0.62,0.37,0.64,27.0,21.75,21.25,0.0,0.0,24.25,23.75,23.0,
4.273,21.27,59.31,0.64,0.32,0.64,27.0,21.75,21.25,0.0,0.0,24.0,23.75,23.0,
4.273,21.3,59.92,0.59,0.37,0.63,27.0,21.81,21.25,0.0,0.0,24.25,23.75,23.0,
4.273,21.4,59.8,0.65,0.37,0.66,27.0,21.75,21.25,0.0,0.0,24.0,23.75,23.0,
4.273,21.36,60.04,0.62,0.32,0.6,27.0,21.81,21.25,0.0,0.0,24.0,23.75,23.0,
4.273,21.27,60.17,0.59,0.33,0.63,27.0,21.75,21.25,0.0,0.0,24.0,23.75,23.0,
4.273,21.27,60.29,0.6,0.32,0.65,27.0,21.75,21.25,0.0,0.0,24.0,23.75,23.0,
4.273,21.06,60.41,0.6,0.36,0.65,27.06,21.75,21.25,0.0,0.0,24.0,23.75,23.0,
4.273,21.27,60.17,0.62,0.33,0.63,27.06,21.75,21.25,0.0,0.0,24.0,23.75,23.0,
4.273,21.33,60.53,0.64,0.35,0.63,27.06,21.75,21.25,0.0,0.0,24.0,23.75,23.0,
4.2,21.33,60.41,0.63,0.36,0.63,27.06,21.75,21.25,0.0,0.0,24.25,23.75,23.0,
3.481,21.33,60.53,0.62,0.36,0.64,27.06,21.75,21.25,0.0,0.0,24.0,23.75,23.0,
2.347,21.27,60.41,0.59,0.36,0.63,27.06,21.75,21.25,0.0,0.0,24.0,23.75,23.0,
4.2,21.4,60.53,0.63,0.37,0.64,27.06,21.81,21.25,0.0,0.0,24.0,23.75,23.0,
2.076,21.33,60.78,0.64,0.4,0.64,27.06,21.75,21.25,0.0,0.0,24.0,23.75,23.0,
2.076,21.36,60.9,0.6,0.36,0.62,27.06,21.75,21.25,0.0,0.0,24.0,23.75,23.0,
0.305,21.33,60.78,0.64,0.37,0.6,27.06,21.75,21.31,0.0,0.0,24.0,23.75,23.0,
2.019,21.36,61.02,0.63,0.32,0.63,27.06,21.75,21.31,0.0,0.0,24.0,23.75,23.0,
2.146,21.33,61.27,0.62,0.35,0.6,27.0,21.75,21.31,0.0,0.0,24.0,23.75,23.0,
2.146,21.24,61.27,0.6,0.38,0.63,27.0,21.75,21.25,0.0,0.0,24.0,23.75,23.0,
2.146,21.3,61.27,0.62,0.35,0.63,27.0,21.75,21.25,0.0,0.0,24.0,23.75,23.0,
0.356,21.3,61.51,0.62,0.37,0.64,27.0,21.75,21.31,0.0,0.0,24.0,23.75,23.0,
1.335,21.33,61.51,0.69,0.33,0.63,27.0,21.75,21.25,0.0,0.0,24.0,23.75,23.0,
2.154,21.36,61.88,0.6,0.38,0.63,27.0,21.75,21.31,0.0,0.0,24.0,23.75,23.0,
2.288,21.27,61.75,0.6,0.35,0.6,26.94,21.75,21.31,0.0,0.0,24.0,23.75,23.0,
2.145,21.4,61.51,0.62,0.33,0.62,26.94,21.75,21.25,0.0,0.0,24.0,23.75,23.0,
2.145,21.43,62.0,0.63,0.35,0.6,26.94,21.75,21.25,0.0,0.0,24.0,23.75,23.0,
2.145,21.3,62.37,0.64,0.38,0.64,26.88,21.75,21.25,0.0,0.0,24.0,23.75,23.0,
2.145,21.33,62.49,0.62,0.36,0.64,26.88,21.75,21.31,0.0,0.0,24.0,23.75,23.0,
2.145,21.27,62.85,0.6,0.33,0.6,26.88,21.75,21.31,0.0,0.0,24.0,23.75,23.0,
2.144,21.3,62.73,0.6,0.37,0.62,26.81,21.75,21.25,0.0,0.0,24.25,23.75,23.0,
2.145,21.3,62.85,0.62,0.38,0.62,26.81,21.75,21.25,0.0,0.0,24.25,23.75,23.0,
2.145,21.27,62.98,0.6,0.38,0.64,26.81,21.75,21.31,0.0,0.0,24.0,23.75,23.0,
2.145,21.36,63.22,0.6,0.37,0.57,26.81,21.75,21.25,0.0,0.0,24.0,23.75,23.0,
2.145,21.24,63.34,0.59,0.32,0.63,26.75,21.75,21.25,0.0,0.0,24.0,23.75,23.0,
2.145,21.33,63.22,0.62,0.33,0.64,26.75,21.75,21.31,0.0,0.0,24.0,23.75,23.25,
2.145,21.33,63.34,0.64,0.37,0.64,26.75,21.75,21.31,0.0,0.0,24.25,23.75,23.25,
0.301,21.3,63.59,0.6,0.27,0.65,26.81,21.75,21.31,0.0,0.0,24.0,23.75,23.0,
2.145,21.21,63.95,0.63,0.35,0.6,26.75,21.75,21.31,0.0,0.0,24.0,23.75,23.0,
2.152,21.33,63.83,0.65,0.36,0.63,26.81,21.75,21.31,0.0,0.0,24.25,23.75,23.0,
2.146,21.36,64.08,0.62,0.36,0.68,26.81,21.75,21.31,0.0,0.0,24.25,23.75,23.0,
2.146,21.4,64.08,0.63,0.33,0.63,26.81,21.75,21.31,0.0,0.0,24.25,23.75,23.0,
2.146,21.46,64.2,0.63,0.35,0.6,26.75,21.75,21.31,0.0,0.0,24.0,23.75,23.0,
2.145,21.27,64.81,0.64,0.38,0.64,26.81,21.75,21.31,0.0,0.0,24.25,23.75,23.0,
2.146,21.33,64.93,0.6,0.36,0.62,26.81,21.75,21.31,0.0,0.0,24.0,23.75,23.0,
4.208,21.33,31.82,0.65,0.43,0.66,23.44,21.69,21.63,0.0,0.0,25.0,39.0,23.25,
4.207,21.3,31.57,0.68,0.43,0.64,23.44,21.69,21.63,0.0,0.0,25.0,39.0,23.25,
4.208,21.4,31.33,0.62,0.43,0.66,23.38,21.69,21.63,0.0,0.0,25.0,39.0,23.25,
4.208,21.24,31.21,0.65,0.44,0.66,23.38,21.69,21.63,0.0,0.0,25.0,39.0,23.5,
4.208,21.4,31.09,0.64,0.43,0.64,23.38,21.69,21.63,0.0,0.0,25.0,39.0,23.5,
4.207,21.27,30.6,0.65,0.41,0.63,23.38,21.69,21.63,0.0,0.0,25.0,39.0,23.5,
4.207,21.36,30.47,0.63,0.44,0.64,23.38,21.69,21.63,0.0,0.0,25.0,39.0,23.5,
4.208,21.3,29.62,0.64,0.43,0.66,23.31,21.69,21.63,0.0,0.0,25.0,39.0,23.5,
4.208,21.33,30.11,0.69,0.44,0.63,23.31,21.69,21.63,0.0,0.0,25.0,39.25,23.5,
4.208,21.21,30.23,0.65,0.43,0.68,23.31,21.69,21.63,0.0,0.0,25.25,39.25,23.5,
4.208,21.36,29.86,0.63,0.43,0.62,23.31,21.69,21.63,0.0,0.0,25.0,39.25,23.5,
4.208,21.46,29.86,0.63,0.44,0.63,23.31,21.69,21.63,0.0,0.0,25.0,39.25,23.5,
4.208,21.43,29.86,0.65,0.43,0.64,23.31,21.69,21.63,0.0,0.0,25.25,39.25,23.5,
4.208,21.36,29.5,0.65,0.44,0.68,23.25,21.69,21.63,0.0,0.0,25.25,39.25,23.5,
4.208,21.3,29.25,0.62,0.43,0.66,23.25,21.69,21.63,0.0,0.0,25.0,39.25,23.25,
4.203,21.27,29.25,0.64,0.42,0.63,23.25,21.69,21.63,0.0,0.0,25.25,39.5,23.5,
4.218,21.33,28.89,0.66,0.43,0.62,23.25,21.69,21.63,0.0,0.0,25.25,39.5,23.5,
4.218,21.49,29.01,0.66,0.41,0.65,23.19,21.69,21.56,0.0,0.0,25.0,39.25,23.5,
4.218,21.3,28.76,0.66,0.44,0.62,23.19,21.69,21.63,0.0,0.0,25.0,39.5,23.5,
4.276,21.36,24.49,0.71,0.36,0.66,23.0,21.69,21.63,0.0,0.0,25.0,40.0,23.5,
4.276,21.36,24.12,0.68,0.41,0.63,23.0,21.69,21.63,0.0,0.0,25.0,40.0,23.25,
4.276,21.49,23.75,0.65,0.4,0.64,22.94,21.69,21.63,0.0,0.0,25.0,40.0,23.25,
4.276,21.24,24.0,0.64,0.36,0.6,22.94,21.69,21.63,0.0,0.0,25.25,40.0,23.25,
4.276,21.3,24.0,0.63,0.42,0.6,22.94,21.75,21.63,0.0,0.0,25.0,40.0,23.5,
4.276,21.43,23.75,0.62,0.42,0.64,22.94,21.75,21.63,0.0,0.0,25.25,40.25,23.5,
4.277,21.33,23.75,0.63,0.42,0.63,22.94,21.69,21.63,0.0,0.0,25.0,40.25,23.5,
4.276,21.33,24.36,0.59,0.42,0.62,22.94,21.75,21.63,0.0,0.0,25.0,40.25,23.25,
4.276,21.27,23.39,0.63,0.42,0.62,22.94,21.69,21.63,0.0,0.0,25.0,40.25,23.5,
4.276,21.36,23.26,0.52,0.38,0.63,22.94,21.69,21.63,0.0,0.0,25.25,40.25,23.5,
4.276,21.27,23.26,0.63,0.42,0.62,22.94,21.75,21.63,0.0,0.0,25.0,40.25,23.5,
4.276,21.33,23.26,0.63,0.42,0.64,22.94,21.75,21.63,0.0,0.0,25.0,40.25,23.5,
4.276,21.27,23.14,0.64,0.4,0.63,22.94,21.75,21.63,0.0,0.0,25.0,40.25,23.5,
4.276,21.3,22.65,0.6,0.41,0.64,22.88,21.75,21.63,0.0,0.0,25.0,40.25,23.5,
4.276,21.36,22.78,0.64,0.4,0.64,22.88,21.75,21.63,0.0,0.0,25.0,40.25,23.5,
4.276,21.24,22.65,0.64,0.4,0.64,22.88,21.75,21.63,0.0,0.0,25.0,40.25,23.25,
4.276,21.33,22.41,0.62,0.42,0.63,22.88,21.75,21.63,0.0,0.0,25.0,40.25,23.5,
4.276,21.3,22.41,0.64,0.42,0.7,22.88,21.69,21.63,0.0,0.0,25.0,40.25,23.25,
4.276,21.36,22.41,0.62,0.36,0.64,22.88,21.75,21.63,0.0,0.0,25.0,40.25,23.25,
4.276,21.43,22.65,0.64,0.37,0.64,22.88,21.75,21.63,0.0,0.0,25.0,40.5,23.5,
4.276,21.36,22.41,0.65,0.4,0.64,22.88,21.75,21.63,0.0,0.0,25.0,40.25,23.5,
4.276,21.33,22.04,0.64,0.4,0.64,22.88,21.75,21.63,0.0,0.0,25.0,40.25,23.25,
4.276,21.27,21.92,0.62,0.4,0.62,22.81,21.75,21.63,0.0,0.0,25.0,40.5,23.25,
4.276,21.27,21.92,0.6,0.41,0.65,22.81,21.75,21.63,0.0,0.0,25.0,40.5,23.5,
4.275,21.33,16.06,0.66,0.37,0.64,22.5,21.69,21.63,0.0,0.0,25.0,41.75,23.5,
4.275,21.3,15.44,0.65,0.33,0.63,22.5,21.69,21.63,0.0,0.0,25.0,41.75,23.5,
4.275,21.4,15.32,0.66,0.35,0.63,22.44,21.69,21.63,0.0,0.0,25.0,41.75,23.5,
4.275,21.27,15.44,0.65,0.31,0.63,22.44,21.69,21.63,0.0,0.0,25.0,41.75,23.5,
4.275,21.4,15.57,0.62,0.37,0.63,22.44,21.69,21.63,0.0,0.0,25.0,42.0,23.5,
4.275,21.36,15.81,0.64,0.33,0.63,22.44,21.69,21.63,0.0,0.0,25.0,41.75,23.5,
4.275,21.3,15.57,0.64,0.33,0.63,22.44,21.69,21.63,0.0,0.0,25.0,42.0,23.5,
4.275,21.3,15.08,0.63,0.31,0.6,22.44,21.69,21.63,0.0,0.0,25.0,41.75,23.5,
4.275,21.3,15.44,0.62,0.36,0.64,22.44,21.69,21.56,0.0,0.0,25.0,41.75,23.5,
4.275,21.46,15.2,0.64,0.33,0.65,22.44,21.69,21.63,0.0,0.0,25.0,41.75,23.5,
4.275,21.46,15.2,0.63,0.35,0.62,22.44,21.69,21.63,0.0,0.0,25.0,41.75,23.5,
4.275,21.4,15.44,0.63,0.36,0.64,22.44,21.69,21.63,0.0,0.0,25.0,42.0,23.5,
4.275,21.43,14.96,0.63,0.31,0.63,22.44,21.69,21.56,0.0,0.0,25.0,42.0,23.5,
4.275,21.36,14.71,0.65,0.32,0.63,22.44,21.69,21.63,0.0,0.0,25.0,42.0,23.5,
4.275,21.15,14.96,0.63,0.36,0.64,22.44,21.69,21.63,0.0,0.0,25.0,41.75,23.5,
4.275,21.33,14.83,0.64,0.33,0.63,22.44,21.69,21.56,0.0,0.0,25.0,42.0,23.5,
4.275,21.3,15.08,0.6,0.32,0.6,22.38,21.69,21.63,0.0,0.0,25.0,42.0,23.5,
4.276,21.36,14.83,0.64,0.35,0.63,22.38,21.69,21.56,0.0,0.0,25.0,42.0,23.5,
4.275,21.36,14.35,0.63,0.36,0.62,22.38,21.69,21.56,0.0,0.0,25.0,42.0,23.5,
4.275,21.21,14.35,0.64,0.32,0.63,22.44,21.69,21.56,0.0,0.0,25.0,42.0,23.5,
4.275,21.27,14.35,0.65,0.31,0.63,22.38,21.69,21.63,0.0,0.0,25.0,42.0,23.5,
4.275,21.3,14.1,0.6,0.33,0.64,22.38,21.69,21.56,0.0,0.0,25.0,42.0,23.5,
4.275,21.33,14.59,0.63,0.35,0.65,22.38,21.69,21.56,0.0,0.0,25.0,42.0,23.5,
4.274,21.33,12.15,0.64,0.35,0.64,22.25,21.69,21.63,0.0,0.0,25.25,42.5,23.5,
4.275,21.3,12.27,0.65,0.29,0.65,22.25,21.69,21.63,0.0,0.0,25.0,42.5,23.5,
4.275,21.36,12.02,0.64,0.31,0.6,22.25,21.69,21.63,0.0,0.0,25.0,42.5,23.5,
4.274,21.3,11.78,0.64,0.32,0.64,22.25,21.69,21.63,0.0,0.0,25.0,42.5,23.5,
4.275,21.3,11.9,0.64,0.3,0.63,22.25,21.69,21.56,0.0,0.0,25.0,42.5,23.5,
4.275,21.4,11.9,0.62,0.31,0.62,22.19,21.69,21.63,0.0,0.0,25.0,42.5,23.5,
4.275,21.3,11.66,0.63,0.33,0.63,22.19,21.69,21.63,0.0,0.0,25.0,42.5,23.5,
4.275,21.49,11.66,0.63,0.33,0.64,22.25,21.69,21.63,0.0,0.0,25.25,42.5,23.5,
4.275,21.36,11.9,0.6,0.3,0.63,22.19,21.69,21.63,0.0,0.0,25.0,42.5,23.5,
4.275,21.36,11.41,0.64,0.31,0.63,22.19,21.69,21.63,0.0,0.0,25.0,42.5,23.5,
4.274,21.33,11.78,0.64,0.32,0.63,22.19,21.69,21.56,0.0,0.0,25.0,42.5,23.5,
4.274,21.4,11.53,0.63,0.3,0.64,22.19,21.69,21.56,0.0,0.0,25.25,42.5,23.5,
4.274,21.3,11.66,0.62,0.3,0.62,22.19,21.69,21.63,0.0,0.0,25.25,42.5,23.5,
4.275,21.33,11.29,0.59,0.32,0.62,22.19,21.69,21.56,0.0,0.0,25.0,42.5,23.5,
4.275,21.33,11.29,0.63,0.3,0.64,22.19,21.69,21.63,0.0,0.0,25.0,42.75,23.5,
4.274,21.3,11.41,0.63,0.32,0.64,22.19,21.69,21.63,0.0,0.0,25.25,42.75,23.5,
4.275,21.33,11.53,0.62,0.35,0.63,22.19,21.69,21.56,0.0,0.0,25.25,42.75,23.5,
4.274,21.4,11.17,0.6,0.35,0.66,22.19,21.69,21.56,0.0,0.0,25.25,42.75,23.5,
4.275,21.3,11.41,0.63,0.32,0.65,22.19,21.69,21.56,0.0,0.0,25.25,42.75,23.5,
4.274,21.3,11.29,0.59,0.29,0.65,22.19,21.69,21.56,0.0,0.0,25.25,42.75,23.5,
4.274,21.36,11.17,0.64,0.3,0.65,22.19,21.69,21.56,0.0,0.0,25.25,42.75,23.5,
4.274,21.3,11.17,0.62,0.3,0.64,22.19,21.69,21.56,0.0,0.0,25.25,42.75,23.5,
4.275,21.24,11.29,0.62,0.36,0.64,22.13,21.69,21.56,0.0,0.0,25.25,42.75,23.5,
4.274,21.3,10.92,0.58,0.33,0.63,22.13,21.69,21.56,0.0,0.0,25.25,42.75,23.5,
4.274,21.33,9.7,0.62,0.3,0.6,22.0,21.69,21.56,0.0,0.0,25.25,43.0,23.75,
4.275,21.3,9.46,0.63,0.31,0.68,22.0,21.63,21.56,0.0,0.0,25.25,43.0,23.75,
4.274,21.3,9.58,0.63,0.32,0.64,22.0,21.63,21.56,0.0,0.0,25.25,43.0,23.5,
4.274,21.33,9.34,0.62,0.32,0.6,22.0,21.63,21.56,0.0,0.0,25.25,42.75,23.75,
4.275,21.33,9.46,0.64,0.31,0.65,22.0,21.63,21.56,0.0,0.0,25.25,42.75,23.75,
4.275,21.27,9.46,0.64,0.33,0.64,22.0,21.63,21.56,0.0,0.0,25.25,42.75,23.5,
4.274,21.24,9.58,0.64,0.31,0.64,22.0,21.63,21.56,0.0,0.0,25.25,42.75,23.5,
4.274,21.4,9.58,0.62,0.33,0.65,22.0,21.63,21.56,0.0,0.0,25.25,42.75,23.5,
4.274,21.4,9.46,0.63,0.35,0.63,22.0,21.63,21.56,0.0,0.0,25.25,42.75,23.75,
4.275,21.36,9.34,0.64,0.3,0.6,22.0,21.63,21.56,0.0,0.0,25.25,42.75,23.5,
4.274,21.36,9.58,0.64,0.32,0.64,22.0,21.63,21.56,0.0,0.0,25.25,42.75,23.5,
4.274,21.43,9.46,0.63,0.29,0.59,22.0,21.63,21.56,0.0,0.0,25.25,42.75,23.75,
4.274,21.36,9.34,0.65,0.32,0.63,22.0,21.63,21.56,0.0,0.0,25.25,42.75,23.75,
4.274,21.36,9.34,0.64,0.33,0.63,22.0,21.63,21.56,0.0,0.0,25.25,42.75,23.5,
4.274,21.3,9.34,0.62,0.29,0.64,22.0,21.63,21.56,0.0,0.0,25.25,42.75,23.5,
4.274,21.43,9.34,0.63,0.31,0.65,22.0,21.63,21.56,0.0,0.0,25.25,42.75,23.5,
4.274,21.43,9.21,0.62,0.33,0.63,22.0,21.63,21.56,0.0,0.0,25.25,42.75,23.5,
4.275,21.43,9.21,0.62,0.32,0.62,22.0,21.63,21.56,0.0,0.0,25.25,42.75,23.5,
4.274,21.3,9.21,0.65,0.32,0.65,21.94,21.63,21.56,0.0,0.0,25.25,42.75,23.5,
4.273,-6.25,-25.0,-2.5,-2.5,-2.5,21.88,21.69,21.56,0.0,0.0,25.5,43.0,23.75,
4.273,-6.25,-25.0,-2.5,-2.5,-2.5,21.88,21.63,21.56,0.0,0.0,25.5,43.0,23.75,
4.274,-6.25,-25.0,-2.5,-2.5,-2.5,21.88,21.63,21.56,0.0,0.0,25.5,43.0,23.75,
4.274,-6.25,-25.0,-2.5,-2.5,-2.5,21.88,21.63,21.56,0.0,0.0,25.5,43.0,23.75,
4.274,-6.25,-25.0,-2.5,-2.5,-2.5,21.88,21.69,21.56,0.0,0.0,25.5,43.0,23.75,
4.273,-6.25,-25.0,-2.5,-2.5,-2.5,21.88,21.63,21.56,0.0,0.0,25.5,43.0,23.75,
4.273,-6.25,-25.0,-2.5,-2.5,-2.5,21.88,21.63,21.56,0.0,0.0,25.5,43.0,23.75,
4.274,-6.25,-25.0,-2.5,-2.5,-2.5,21.88,21.63,21.56,0.0,0.0,25.5,43.0,23.75,
4.273,-6.25,-25.0,-2.5,-2.5,-2.5,21.88,21.63,21.56,0.0,0.0,25.75,43.0,23.75,
4.274,-6.25,-25.0,-2.5,-2.5,-2.5,21.88,21.69,21.56,0.0,0.0,25.5,43.0,23.75,
4.273,-6.25,-25.0,-2.5,-2.5,-2.5,21.88,21.69,21.56,0.0,0.0,25.75,43.0,23.5,
4.273,-6.25,-25.0,-2.5,-2.5,-2.5,21.88,21.69,21.56,0.0,0.0,25.75,43.0,23.75,
4.274,-6.25,-25.0,-2.5,-2.5,-2.5,21.88,21.69,21.56,0.0,0.0,25.5,43.0,23.75,
4.273,-6.25,-25.0,-2.5,-2.5,-2.5,21.88,21.69,21.56,0.0,0.0,25.75,43.0,23.5,
4.274,-6.25,-25.0,-2.49,-2.5,-2.5,21.88,21.69,21.56,0.0,0.0,25.5,43.0,23.5,
4.273,-6.25,-25.0,-2.5,-2.5,-2.5,21.88,21.69,21.56,0.0,0.0,25.75,43.0,23.75,
4.273,-6.25,-25.0,-2.5,-2.5,-2.5,21.88,21.63,21.56,0.0,0.0,25.5,43.0,23.75,
4.274,-6.25,-25.0,-2.5,-2.5,-2.5,21.88,21.69,21.56,0.0,0.0,25.75,43.0,23.5,
